{"counts": [19943043, 51005081, 10723089, 62644845, 793337, 1122759, 1354918], "weights": [0.11439986414914201, 0.044730473223255886, 0.21276344996488397, 0.03641930010235475, 2.8758036117318335, 2.032031281798229, 1.683852019030301]}